0x2dedf2abdbc997fe7ed4ca3d742570acd62517d8,0x4818059c4e09798388606a96751fd8e9c918ea82
0xab82ccdf30f4f64f40ae88613b64e381f7871b27,0x4a858440e65dfce2ba535b67611e663b1b77ff26
0x74a0b92cda83a184164aa6d50f511445458f661f,0xb4d56562998efa7931ffd3b650d6d75ea1152969
0x8cade2ffce3ac134d4cdf6648eb6f6ba9b8ad2d8,0x1023082e2d9946aa02340af958315b04aa85ed6c
0x0f38ba1abf9e7aad70d951c2f2ab6d861283acfc,0x238bf87fdd483054feca213bd50c6371905dd6aa
0xfc2962ac580df952f789448b53fdaf56e6630954,0x43a4b83162d5c55e70895030de304012f40691aa
0x5f14d4a91eefd1961c05e6a212c0d6bb67fbedbf,0xb1cdb5f045e2198a63e4ba3a93b4aa021e37eabc
0x9c9cf82fdfbc8c49d83c17efd5c1ca62fdb8f78c,0x372cc509b0aa9c79a8e7eb4e82a8cb7759b45d45
0x016c6b96e2f3429255074d4ef58d40643eb63901,0xa4c866abe96039b98ffbd4810c0f25117815b119
0x06977b02e689569087ee8604c7980b579c2a778a,0x0dad9df6c15d00153f4e78956266e7810e80a3c0
0xcccf46b8aace4714d8abeb8f4f3c3a13b486c3d4,0x321007296c96d794aa0f5f8b960bae34ff61601a
0x82c29927c79b4ead7aa5ea37fe0104d7b7bf06cc,0x6810f17aab3f57e61a220cef8178f09a4cf4c3c3
0xd2d983d7d06d7c1a3143d8fb200a6f5d101c02d2,0xfe78f3554a6635aa8adafba00a010c668c349393
0x8a349d9ab9aeb9b38b7e71197a5285543672b5dd,0x38572d8bcd2c1da068be0e5458a79a0fb9bd3406
0xf834f81006d4b62dbb42c7b29ffca085dbb92959,0x0614720d9ed9095661de6a6955c229536455046a
0x756037b684759a365e9778da5994a75fdf642290,0x76b4c749dd61239de6dda8a03b811b3c6f7d0e26
0x28a1184aeb2bb8b41d3d8b216ce017e7af4182c2,0x7f1dee19d3ef68211ce973cf8feeaee9ba872a68
0x3654123b0812cf97416cbb7a86db7222f388b094,0xf902ded13c31887efc6daf395a1693fc94131af2
0x9fa41be2c98020b5bf321e17a0d45fcb537c07a8,0x9ed143f6302cf2d8803eee11b7afe3670ec65aad
0xeaf5cf1334bc48e30386ec0f591c197f879e39f3,0x4d6a62c236e99c0c3dadfa06519e1c085f918103
0x4c97c42e14be0fc3a618b1aa2d84f1d7fd58412c,0xa4c49981eb91d3b8e9673634c5b49da83349c8d8
0x1b441cee59d8c43deec5f0a435dd659110c6ecec,0xe204892ce9612328e97d7b95bd18846d1a0253c0
0xdb8797b64ff1435af6a048cc36eb5d72b53d2da7,0xd5e7dc4ef9b117e838153723f01d2128f88ee8fd
0xdb83577da50021e55d26b484dbf1145c3c15f4ff,0x31926edb193146a4967b25c359eadeb4278f2c8d
